{
  "generator-material-app": {
    "appname": "gyg",
    "registerRoutesFile": "server/routes.js",
    "routesNeedle": "// Insert routes below",
    "insertRoutes": true,
    "routesBase": "/api/",
    "pluralizeRoutes": true,
    "insertSockets": true,
    "registerSocketsFile": "server/config/socketio.js",
    "socketsNeedle": "// Insert sockets below",
    "modulesNeedle": "// Add modules below",
    "features": {
      "socketio": true
    },
    "angularModules": [
      "ngCookies",
      "ngResource",
      "ngSanitize",
      "ngMessages",
      "ngMaterial",
      "ui.router",
      "btford.socket-io",
      "gygApp.lodash",
      "gygApp.mainMenu",
      "gygApp.io",
      "gygApp.socket",
      "gygApp.main"
    ],
    "componentsDirectory": "client/app/components/",
    "routeDirectory": "client/app/",
    "directiveDirectory": "client/app/components",
    "filterDirectory": "client/app/components",
    "serviceDirectory": "client/app/components",
    "basePath": "client",
    "moduleName": "",
    "extensions": [
      "js",
      "html",
      "scss"
    ]
  },
  "generator-mocha": {
    "ui": "bdd",
    "rjs": false
  }
}